[
  {
    "item_no": 1,
    "item_name": "Coffee Black",
    "price": 6.0,
    "purchased": 0,
    "sold": 0,
    "stock": 50,
    "type": "drinks",
    "availability": "yes",
    "created_date": "1-1-2023",
    "img": "/images/coffee_black.png"
  },
  {
    "item_no": 2,
    "item_name": "Tea Black",
    "price": 7.0,
    "purchased": 0,
    "sold": 0,
    "stock": 50,
    "type": "drinks",
    "availability": "yes",
    "created_date": "2-1-2023",
    "img": "/images/tea_black.png"
  },
  {
    "item_no": 3,
    "item_name": "Chrysanthemum Tea",
    "price": 10.5,
    "purchased": 0,
    "sold": 0,
    "stock": 50,
    "type": "drinks",
    "availability": "yes",
    "created_date": "3-1-2023",
    "img": "/images/chrysanthemum_tea.png"
  },
  {
    "item_no": 4,
    "item_name": "Coffee",
    "price": 4.0,
    "purchased": 0,
    "sold": 0,
    "stock": 50,
    "type": "drinks",
    "availability": "yes",
    "created_date": "4-1-2023",
    "img": "/images/coffee.png"
  },
  {
    "item_no": 5,
    "item_name": "Tea",
    "price": 8.7,
    "purchased": 0,
    "sold": 0,
    "stock": 50,
    "type": "drinks",
    "availability": "yes",
    "created_date": "5-1-2023",
    "img": "/images/tea.png"
  },
  {
    "item_no": 6,
    "item_name": "Chinese Tea",
    "price": 10.0,
    "purchased": 0,
    "sold": 0,
    "stock": 50,
    "type": "drinks",
    "availability": "yes",
    "created_date": "6-1-2023",
    "img": "/images/chinese_tea.png"
  },
  {
    "item_no": 7,
    "item_name": "Iced Coffee Black",
    "price": 15.0,
    "purchased": 0,
    "sold": 0,
    "stock": 50,
    "type": "drinks",
    "availability": "yes",
    "created_date": "7-1-2023",
    "img": "/images/iced_coffee_black.png"
  },
  {
    "item_no": 8,
    "item_name": "Iced Tea Black",
    "price": 13.0,
    "purchased": 0,
    "sold": 0,
    "stock": 50,
    "type": "drinks",
    "availability": "yes",
    "created_date": "8-1-2023",
    "img": "/images/iced_tea_black.png"
  },
  {
    "item_no": 9,
    "item_name": "Soya Milk",
    "price": 20.0,
    "purchased": 0,
    "sold": 0,
    "stock": 50,
    "type": "drinks",
    "availability": "yes",
    "created_date": "9-1-2023",
    "img": "/images/soya_milk.png"
  },
  {
    "item_no": 10,
    "item_name": "Iced Coffee",
    "price": 18.0,
    "purchased": 0,
    "sold": 0,
    "stock": 50,
    "type": "drinks",
    "availability": "yes",
    "created_date": "10-1-2023",
    "img": "/images/iced_coffee.png"
  },
  {
    "item_no": 11,
    "item_name": "Iced Tea",
    "price": 18.0,
    "purchased": 0,
    "sold": 0,
    "stock": 50,
    "type": "drinks",
    "availability": "yes",
    "created_date": "11-1-2023",
    "img": "/images/iced_tea.png"
  },
  {
    "item_no": 12,
    "item_name": "Grass Jelly",
    "price": 25.0,
    "purchased": 0,
    "sold": 0,
    "stock": 50,
    "type": "drinks",
    "availability": "yes",
    "created_date": "12-1-2023",
    "img": "/images/grass_jelly.png"
  },
  {
    "item_no": 13,
    "item_name": "Coffee C",
    "price": 12.0,
    "purchased": 0,
    "sold": 0,
    "stock": 50,
    "type": "drinks",
    "availability": "yes",
    "created_date": "13-1-2023",
    "img": "/images/coffee_c.png"
  },

  {
    "item_no": 14,
    "item_name": "Tea C",
    "price": 13.0,
    "purchased": 0,
    "sold": 0,
    "stock": 50,
    "type": "drinks",
    "availability": "yes",
    "created_date": "14-1-2023",
    "img": "/images/tea_c.png"
  },
  {
    "item_no": 15,
    "item_name": "Black White",
    "price": 10.0,
    "purchased": 0,
    "sold": 0,
    "stock": 50,
    "type": "drinks",
    "availability": "yes",
    "created_date": "15-1-2023",
    "img": "/images/black_white.png"
  },
  {
    "item_no": 16,
    "item_name": "Milo",
    "price": 17.5,
    "purchased": 0,
    "sold": 0,
    "stock": 50,
    "type": "drinks",
    "availability": "yes",
    "created_date": "16-1-2023",
    "img": "/images/milo.png"
  },
  {
    "item_no": 17,
    "item_name": "Iced Milo",
    "price": 15.3,
    "purchased": 0,
    "sold": 0,
    "stock": 50,
    "type": "drinks",
    "availability": "yes",
    "created_date": "17-1-2023",
    "img": "/images/iced_milo.png"
  },
  {
    "item_no": 18,
    "item_name": "Water",
    "price": 10.0,
    "purchased": 0,
    "sold": 0,
    "stock": 50,
    "type": "drinks",
    "availability": "yes",
    "created_date": "18-1-2023",
    "img": "/images/water.png"
  },
  {
    "item_no": 19,
    "item_name": "Tea",
    "price": 10.0,
    "purchased": 0,
    "sold": 0,
    "stock": 50,
    "type": "drinks",
    "availability": "yes",
    "created_date": "19-1-2023",
    "img": "/images/tea.png"
  },
  {
    "item_no": 20,
    "item_name": "Chinese Tea",
    "price": 15.0,
    "purchased": 0,
    "sold": 0,
    "stock": 50,
    "type": "drinks",
    "availability": "yes",
    "created_date": "20-1-2023",
    "img": "/images/chinese_tea.png"
  },
  {
    "item_no": 21,
    "item_name": "Iced Coffee Black",
    "price": 25.0,
    "purchased": 0,
    "sold": 0,
    "stock": 50,
    "type": "drinks",
    "availability": "yes",
    "created_date": "21-1-2023",
    "img": "/images/iced_coffee_black.png"
  },
  {
    "item_no": 22,
    "item_name": "Iced Tea Black",
    "price": 25.0,
    "purchased": 0,
    "sold": 0,
    "stock": 50,
    "type": "drinks",
    "availability": "yes",
    "created_date": "22-1-2023",
    "img": "/images/iced_tea_black.png"
  },
  {
    "item_no": 23,
    "item_name": "Soya Milk",
    "price": 10.0,
    "purchased": 0,
    "sold": 0,
    "stock": 50,
    "type": "drinks",
    "availability": "yes",
    "created_date": "23-1-2023",
    "img": "/images/soya_milk.png"
  },
  {
    "item_no": 24,
    "item_name": "Coffee",
    "price": 10.0,
    "purchased": 0,
    "sold": 0,
    "stock": 50,
    "type": "drinks",
    "availability": "yes",
    "created_date": "24-1-2023",
    "img": "/images/coffee.png"
  },
  {
    "item_no": 25,
    "item_name": "Streamed Bun",
    "price": 10.0,
    "purchased": 0,
    "sold": 0,
    "stock": 50,
    "type": "snacks",
    "availability": "yes",
    "created_date": "25-1-2023",
    "img": "-"
  },
  {
    "item_no": 26,
    "item_name": "Streamed Timsum",
    "price": 15.0,
    "purchased": 0,
    "sold": 0,
    "stock": 50,
    "type": "snacks",
    "availability": "yes",
    "created_date": "26-1-2023",
    "img": "-"
  },
  {
    "item_no": 27,
    "item_name": "Deep Fry Timsum",
    "price": 25.0,
    "purchased": 0,
    "sold": 0,
    "stock": 50,
    "type": "snacks",
    "availability": "yes",
    "created_date": "27-1-2023",
    "img": "-"
  },
  {
    "item_no": 28,
    "item_name": "Bake",
    "price": 5.0,
    "purchased": 0,
    "sold": 0,
    "stock": 50,
    "type": "snacks",
    "availability": "yes",
    "created_date": "28-1-2023",
    "img": "-"
  },
  {
    "item_no": 29,
    "item_name": "Noodle / Dumplings",
    "price": 25.0,
    "purchased": 0,
    "sold": 0,
    "stock": 50,
    "type": "snacks",
    "availability": "yes",
    "created_date": "29-1-2023",
    "img": "-"
  },
  {
    "item_no": 30,
    "item_name": "Porridge",
    "price": 15.0,
    "purchased": 0,
    "sold": 0,
    "stock": 50,
    "type": "snacks",
    "availability": "yes",
    "created_date": "30-1-2023",
    "img": "-"
  },
  {
    "item_no": 31,
    "item_name": "Beverage",
    "price": 15.0,
    "purchased": 0,
    "sold": 0,
    "stock": 50,
    "type": "snacks",
    "availability": "yes",
    "created_date": "31-1-2023",
    "img": "-"
  },
  {
    "item_no": 32,
    "item_name": "Fry Timsum",
    "price": 15.0,
    "purchased": 0,
    "sold": 0,
    "stock": 50,
    "type": "snacks",
    "availability": "yes",
    "created_date": "1-2-2023",
    "img": "-"
  },
  {
    "item_no": 33,
    "item_name": "Dumplings",
    "price": 20.5,
    "purchased": 0,
    "sold": 0,
    "stock": 50,
    "type": "snacks",
    "availability": "yes",
    "created_date": "2-2-2023",
    "img": "-"
  },
  {
    "item_no": 34,
    "item_name": "Timsum",
    "price": 15.0,
    "purchased": 0,
    "sold": 0,
    "stock": 50,
    "type": "snacks",
    "availability": "yes",
    "created_date": "3-2-2023",
    "img": "-"
  },
  {
    "item_no": 35,
    "item_name": "Cake",
    "price": 18.0,
    "purchased": 0,
    "sold": 0,
    "stock": 50,
    "type": "snacks",
    "availability": "yes",
    "created_date": "4-2-2023",
    "img": "-"
  },
  {
    "item_no": 36,
    "item_name": "Chips",
    "price": 20.0,
    "purchased": 0,
    "sold": 0,
    "stock": 50,
    "type": "snacks",
    "availability": "yes",
    "created_date": "5-2-2023",
    "img": "-"
  },
  {
    "item_no": 37,
    "item_name": "Slice Cake",
    "price": 8.0,
    "purchased": 0,
    "sold": 0,
    "stock": 50,
    "type": "snacks",
    "availability": "yes",
    "created_date": "6-2-2023",
    "img": "-"
  }
]
